user_id,screen_name,is_bot,account_age,is_blue_verified,is_verified,profile_description_sentiment,following_count,followers_count,following_to_followers_ratio,normal_to_fast_followers_ratio,tweets_count,likes_count,media_count,avg_sentiment,replies_ratio,retweets_ratio,freq_of_tweets,identical_tweets_ratio,avg_replies_per_tweet,avg_urls_per_tweet,avg_likes_per_tweet,possibly_sensitive,profile_image_url,profile_banner_url,is_profile_image_valid,followers_to_likes_ratio
1217628182611927040,boazbaraktcs,0,4.85,1,0,0.0,458,18513,0.02,18513,7513,9622,707,0.23,0.0,0.58,1550.35,0.0,1.56,0.26,35.52,0,1,1,0,521.2
36741729,Matthew_Brody,1,15.56,0,0,0.0,615,485,1.27,485,5157,24431,109,0.0,0.0,0.0,331.51,0.0,0.0,0.0,0.0,0,1,1,0,0.0
1519144464,NikhilSewdass,0,11.43,0,0,0.93,409,191,2.14,191,1385,156973,20,-0.27,0.0,0.97,121.16,0.0,0.0,0.0,1.0,0,1,1,0,191.0
15211869,jamie_love,0,16.41,1,0,0.0,2616,11134,0.23,11134,67673,23027,3160,-0.19,0.0,0.28,4124.39,0.0,1.1,0.38,4.14,0,1,1,0,2692.1
848975226,fjsantiagoarcos,0,12.14,0,0,0.0,251,116,2.16,116,689,952,4,0.62,0.0,0.97,56.73,0.0,1.0,0.67,7.67,0,1,1,0,15.13
2465283662,_akhaliq,1,10.57,1,0,0.0,2830,352439,0.01,352439,37223,34178,16970,0.09,0.06,0.71,3522.24,0.01,3.03,0.18,154.29,0,1,1,0,2284.2
1467973039883182090,_crwkmz_,0,2.95,0,0,0.0,2536,2390,1.06,2390,492,729,124,0.0,0.0,0.03,166.55,0.0,7.73,0.0,58.1,0,1,1,0,41.14
1275028426672549888,cyberfunkin,1,4.41,0,0,0.0,504,0,504.0,0,0,1296,0,0.0,0.0,0.0,0.0,0.0,0.0,0.0,0.0,0,1,0,0,0.0
284870222,AnnaMeierPS,0,13.59,0,0,-0.87,2380,14894,0.16,14894,26447,19366,1213,0.0,0.0,0.0,1946.78,0.0,0.0,0.0,0.0,0,1,1,0,0.0
864305332075364352,persiasliu,1,7.51,0,0,-0.95,137,110,1.25,110,25822,58980,52,0.0,0.0,0.0,3436.06,0.0,0.0,0.0,0.0,0,1,1,0,0.0
1293469199554285568,nazlisk2,0,4.27,0,0,0.0,489,26,18.81,26,35,51,0,0.0,0.0,0.0,8.19,0.0,0.0,0.0,0.0,0,1,1,0,0.0
35708687,Cubeware,1,15.56,0,0,0.96,1874,1314,1.43,1314,2025,155,686,0.25,0.0,0.0,130.1,0.0,0.01,0.89,0.16,0,1,1,0,8212.5
1290233331683008512,tanishkumar74,0,4.3,0,0,0.0,61,1,61.0,1,31,124,6,0.03,0.0,0.11,7.22,0.0,0.0,0.0,0.46,0,1,0,0,2.18
1438341642,somedevil8498,1,11.51,0,0,0.0,535,71,7.54,71,46,50,3,0.37,0.0,0.88,4.0,0.0,0.0,0.0,8.0,0,1,1,0,8.88
1360768923814264832,DrSmartyPants50,1,3.77,0,0,0.95,4835,206,23.47,206,0,0,0,0.0,0.0,0.0,0.0,0.0,0.0,0.0,0.0,0,1,1,0,0.0
1192861100804575234,KatyJayne101,0,5.03,1,0,0.0,32299,37940,0.85,37940,34235,119022,207,-0.32,0.0,0.77,6803.46,0.0,73.07,0.0,1212.89,0,1,1,0,31.28
241877255,jamildallal,0,13.82,0,0,0.84,5284,7670,0.69,7670,61205,2211,626,0.07,0.0,0.12,4427.77,0.0,0.28,0.05,1.24,0,1,1,0,6195.0
1344562598776250369,dogmother_,1,3.88,0,0,0.0,396,596,0.66,596,3007,25712,161,-0.08,0.0,0.31,774.0,0.0,0.65,0.0,8.12,0,1,1,0,73.35
2939998182,TylerW13,0,9.91,0,0,0.88,259,4830,0.05,4830,3141,27132,55,0.5,0.0,0.77,316.92,0.0,10.22,0.0,606.0,0,1,1,0,7.97
310784514,BorhadeShubham,1,13.46,0,0,0.0,8,13,0.62,13,29,90,6,0.0,0.0,0.0,2.15,0.0,0.0,1.0,1.0,0,1,0,0,13.0
16834046,CARE,0,16.09,1,0,0.85,2368,1190802,0.0,1190802,39402,12336,6912,-0.18,0.0,0.4,2448.85,0.0,0.48,0.76,5.79,0,1,1,0,205628.18
2577886615,ToneVays,1,10.42,1,0,0.0,1655,289006,0.01,289006,27363,42741,6059,-0.07,0.0,0.81,2626.01,0.0,24.95,0.73,62.73,0,1,1,0,4607.34
1425141260256301059,ncpwg_org,0,3.28,0,0,0.0,73,135,0.54,135,81,107,1,-0.06,0.0,0.58,24.72,0.01,0.62,0.12,11.25,0,1,0,0,12.0
2197224919,rkyashasvi,1,11.01,0,0,0.0,342,0,342.0,0,8,1062,1,0.0,0.0,0.0,0.73,0.0,0.0,0.0,0.0,0,1,1,0,0.0
4218360677,Jfurst12,0,9.01,0,0,0.0,1677,437,3.84,437,1255,4197,2,0.61,0.0,0.99,139.37,0.0,0.0,1.0,0.0,0,1,1,0,0.0
38669987,cornishpenny,1,15.54,0,0,-0.53,973,705,1.38,705,1578,4994,12,-0.41,0.0,0.81,101.58,0.0,0.14,0.18,0.5,0,1,1,0,1410.0
92922681,OrlyLobel,0,14.98,0,0,0.54,1656,4196,0.39,4196,10984,9644,1280,0.62,0.0,0.75,733.29,0.0,0.34,0.34,5.52,0,1,1,0,760.52
826929286380658688,marouaneksr,1,7.8,0,0,0.75,44,241,0.18,241,15,64,0,0.0,0.0,0.0,1.92,0.0,0.0,0.0,0.0,0,1,1,0,0.0
1375867030755287042,DavidHassine3,0,3.65,0,0,0.0,10,0,10.0,0,0,0,0,0.0,0.0,0.0,0.0,0.0,0.0,0.0,0.0,0,1,0,0,0.0
3110562573,SirTodd57,1,9.66,0,0,0.0,487,14,34.79,14,246,19535,4,0.0,0.0,0.0,25.47,0.0,0.0,0.0,0.0,0,1,1,0,0.0
1231601392139329536,SatoshiStBets,0,4.74,1,0,0.0,268,90602,0.0,90602,2381,1426,727,0.01,0.0,0.06,502.43,0.0,32.24,0.02,89.52,0,1,1,0,1012.07
1256624907305103360,aashir_mohammed,1,4.55,0,0,0.0,53,21,2.52,21,31,546,1,0.16,0.0,0.62,6.81,0.0,0.75,0.0,7.88,0,1,0,0,2.67
1478744084500078593,endoplasmarist2,1,2.87,0,0,0.0,215,10,21.5,10,4,118,0,0.94,0.0,0.5,1.39,0.0,0.0,0.0,1.0,0,1,0,0,10.0
43194755,WildAid,0,15.48,0,0,0.69,1736,62463,0.03,62463,15922,15391,7177,0.65,0.01,0.21,1028.55,0.0,3.86,0.36,242.09,0,1,1,0,258.01
1372879289050308610,VegaswapAMM,1,3.67,0,0,0.0,39,14701,0.0,14701,987,587,218,0.39,0.0,0.0,268.86,0.0,1.26,0.94,8.91,0,1,1,0,1649.94
1468930296812871682,MohammadTomy9,1,2.95,0,0,0.0,1,0,1.0,0,0,0,0,0.0,0.0,0.0,0.0,0.0,0.0,0.0,0.0,0,1,0,0,0.0
1484168083392634890,muhamma96743245,0,2.83,0,0,0.68,29,0,29.0,0,0,1,0,0.0,0.0,0.0,0.0,0.0,0.0,0.0,0.0,0,1,0,0,0.0
633907829,StanfordHospPR,0,12.36,0,0,0.0,44,22,2.0,22,3,0,0,0.72,0.0,0.67,0.24,0.0,0.0,1.0,0.0,0,1,0,0,0.0
18898143,WorkItDaily,0,15.85,0,0,0.83,4282,77783,0.06,77783,71030,7276,27376,0.31,0.02,0.0,4480.82,0.0,0.21,0.7,0.64,0,1,1,0,122059.48
1070942382986801153,___AliZ_,1,5.95,0,0,0.0,97,67,1.45,67,3895,4030,0,0.0,0.0,0.0,654.4,0.0,0.0,0.0,0.0,0,1,1,0,0.0
199369366,scholrly,0,14.12,0,0,0.86,163,400,0.41,400,467,6,13,0.42,0.0,0.41,33.07,0.0,0.12,0.72,0.43,0,1,1,0,920.0
781982295863484456,BlkMamasMatter,1,8.14,0,0,0.57,308,23937,0.01,23937,6216,5229,1694,0.44,0.0,0.15,763.92,0.0,0.05,0.39,8.73,0,1,1,0,2741.92
927837253,EmtiyazKhan,0,12.04,0,0,0.0,232,10895,0.02,10895,5612,9676,396,0.54,0.16,0.59,466.19,0.0,2.04,0.67,59.33,0,1,0,0,183.62
907577359498338304,Yash78084388,1,7.19,0,0,0.0,217,39,5.56,39,67,7380,5,0.22,0.0,0.4,9.32,0.0,0.0,1.0,3.0,0,1,0,0,13.0
180038665,osmansayginer,0,14.26,0,0,0.85,194,211,0.92,211,186,793,42,0.09,0.03,0.11,13.05,0.0,0.23,0.39,1.8,0,1,1,0,117.22
913302048564637696,LBank_Exchange,1,7.14,0,0,0.0,2589,634778,0.0,634778,14823,4209,10053,0.37,0.0,0.27,2075.18,0.0,72.98,0.87,140.06,0,1,1,0,4532.15
499161087,TimotiOzcelik,1,12.74,0,0,0.0,281,173,1.62,173,1124,1152,29,0.09,0.0,0.91,88.19,0.0,0.2,0.2,1.9,0,1,1,0,91.05
48979419,trevarin,0,15.42,0,0,0.0,615,232,2.65,232,4660,3384,281,0.05,0.0,0.62,302.26,0.0,0.24,0.02,0.59,0,1,1,0,396.33
745294695220158464,isacastroo1703,0,8.41,0,0,0.0,168,80,2.1,80,20,745,1,0.31,0.0,0.72,2.38,0.0,0.0,0.0,0.4,0,1,1,0,200.0
1471529355851575305,OltremontiS,1,2.93,0,0,0.0,100,7,14.29,7,10,9,4,0.45,0.0,0.29,3.42,0.0,0.4,0.0,0.6,0,1,0,0,11.67
1449450582771699714,Martijn_Figee_,1,3.09,0,0,0.0,115,147,0.78,147,6,28,0,0.0,0.0,0.0,1.94,0.0,0.0,0.0,0.0,0,1,1,0,0.0
1584137959,ar0mcintosh,0,11.36,0,0,0.0,1942,3853,0.5,3853,46080,29723,2892,0.21,0.0,0.95,4055.62,0.0,0.17,0.33,16.67,0,1,1,0,231.18
593658151,AndreBarrette1,1,12.48,0,0,0.85,11483,10615,1.08,10615,365,2,85,0.16,0.0,0.01,29.26,0.0,0.03,0.81,2.29,0,1,1,0,4633.96
1272211725362753537,SachinSadh5,1,4.43,0,0,0.0,7270,10102,0.72,10102,25436,23062,413,0.0,0.0,0.99,5737.88,0.0,0.0,0.0,16.0,0,1,0,0,631.38
69253605,Lencer_B,0,15.23,0,0,0.86,1284,30342,0.04,30342,277515,12659,19487,0.1,0.0,0.79,18220.41,0.0,1.17,0.0,9.83,0,1,1,0,3085.63
171960289,womenoftmrw,0,14.31,0,0,0.0,61,11721,0.01,11721,2,1,0,0.0,0.0,0.0,0.14,0.0,0.0,0.0,0.0,0,1,0,0,0.0
1291758490436812800,andenggis,1,4.29,0,0,0.0,111,5,22.2,5,1,46,0,0.97,0.0,0.0,0.23,0.0,0.0,0.0,0.0,0,1,1,0,0.0
1483915722459951110,Alex22392300,1,2.83,0,0,0.0,5,2,2.5,2,0,0,0,0.0,0.0,0.0,0.0,0.0,0.0,0.0,0.0,0,1,0,0,0.0
108472167,BrandonMeyers23,0,14.82,0,0,0.0,5143,382,13.46,382,52357,141974,1471,0.0,0.0,0.0,3533.58,0.0,0.0,0.0,0.0,0,1,1,0,0.0
156611885,scekker,0,14.43,0,0,0.0,1558,2631,0.59,2631,9207,9945,308,0.26,0.26,0.3,638.22,0.0,0.82,0.1,2.86,0,1,1,0,920.26
1482202453395263488,ClintonStaha,1,2.85,0,0,0.83,144,114,1.26,114,1,1,1,0.83,0.0,0.0,0.35,0.0,0.0,0.0,5.0,0,1,0,0,22.8
15231287,Gartner_inc,0,16.4,1,0,0.72,10,430205,0.0,430205,36056,2803,15841,0.43,0.0,0.0,2198.27,0.0,0.77,1.08,8.43,0,1,1,0,51032.62
1417952426687086593,RashaAdi3,1,3.33,0,0,0.0,298,7,42.57,7,0,1,0,0.0,0.0,0.0,0.0,0.0,0.0,0.0,0.0,0,1,0,0,0.0
1394608272498364421,kyo9212,0,3.51,0,0,0.77,5,1,5.0,1,0,0,0,0.0,0.0,0.0,0.0,0.0,0.0,0.0,0.0,0,1,0,0,0.0
1340683845935509504,PanteaaN,1,3.92,0,0,0.0,167,571,0.29,571,1028,3458,82,-0.04,0.0,0.16,262.58,0.0,1.68,0.02,82.34,0,1,0,0,6.93
1254467707992510468,Fxz_7856,1,4.57,0,0,0.0,190,16,11.88,16,7,0,1,0.0,0.0,0.0,1.53,0.0,0.0,0.0,0.0,0,1,1,0,0.0
1271447460,Bamigbolaalbert,0,11.68,0,0,0.0,205,283,0.72,283,1565,1242,8,-0.09,0.04,0.29,133.97,0.0,0.45,0.02,0.64,0,1,0,0,440.22
1240338965674233857,Carolinerathabe,1,4.67,1,0,0.82,59938,461615,0.13,461615,448403,233167,18397,0.11,0.0,0.86,95935.6,0.0,9.93,0.21,78.5,0,1,1,0,5880.45
1440863493062725635,virginiaava2,0,3.16,0,0,0.0,667,147,4.54,147,29,447,1,0.95,0.0,0.94,9.18,0.0,0.0,0.0,3.0,0,1,1,0,49.0
853411771184500737,MarioDestradi,1,7.6,0,0,0.0,1570,1248,1.26,1248,430,4304,72,0.24,0.0,0.03,56.59,0.0,0.04,0.67,1.59,0,1,1,0,786.78
1453181291797622788,TusManosMedicas,0,3.07,0,0,0.0,80,14,5.71,14,61,48,0,0.0,0.0,0.86,19.9,0.0,0.0,0.0,0.17,0,1,0,0,84.0
90807518,Jasmib,0,15.01,0,0,0.0,16,2,8.0,2,2,1,0,0.77,0.0,0.0,0.13,0.0,0.0,1.0,0.0,0,1,0,0,0.0
1431258714917462019,m0rpholino,1,3.23,0,0,0.0,491,147,3.34,147,171,2864,28,0.22,0.0,0.34,52.92,0.02,0.5,0.36,0.62,0,1,1,0,235.2
1480543395558744069,2minStudio,0,2.86,0,0,0.0,17,1,17.0,1,23,12,3,0.56,0.0,0.0,8.05,0.0,0.0,0.33,0.0,0,1,0,0,0.0
1034272792676421632,PeterBo49858290,1,6.23,0,0,0.0,4887,2390,2.04,2390,105770,14411,301,-0.05,0.0,0.9,16974.8,0.0,0.0,0.9,0.1,0,1,1,0,23900.0
4688688218,June_1ch,0,8.88,0,0,0.0,205,1285,0.16,1285,1188,1594,62,0.01,0.0,0.04,133.72,0.0,0.49,0.29,15.51,0,1,1,0,82.85
140658895,Dorothy_Xu,1,14.54,0,0,0.0,83,4,20.75,4,239,2,5,0.0,0.0,0.0,16.43,0.0,0.0,0.0,0.0,0,1,0,0,0.0
789891110,ThiagoBurghi,1,12.22,0,0,0.0,295,56,5.27,56,67,4012,2,0.0,0.0,0.0,5.48,0.0,0.0,0.0,0.0,0,1,1,0,0.0
1426751719896141825,tylerlaib24,0,3.27,0,0,0.0,23,10,2.3,10,1,1,0,0.99,0.0,0.0,0.31,0.0,0.0,0.0,1.0,0,1,1,0,10.0
613173206,EdWhiting1,0,12.42,0,0,0.0,3250,7381,0.44,7381,10850,51161,774,0.63,0.0,0.76,873.66,0.0,2.07,0.0,20.25,0,1,1,0,364.49
559867489,sid_behera,1,12.58,0,0,0.0,527,164,3.21,164,179,6,22,0.0,0.0,0.0,14.23,0.0,0.0,0.0,0.0,0,1,1,0,0.0
1031846051710418945,SirimanneVajira,1,6.25,0,0,0.0,1415,371,3.81,371,1171,1555,173,0.03,0.0,0.0,187.42,0.0,0.01,0.57,1.11,0,1,1,0,334.23
2974453288,kdd_lab,0,9.85,0,0,0.0,152,770,0.2,770,2345,2,114,0.0,0.0,0.96,237.97,0.0,0.0,0.5,6.0,0,1,1,0,128.33
175743717,DremTGI,0,14.29,1,0,0.0,526664,755110,0.7,755110,14255,114442,4128,-0.01,0.0,0.0,997.83,0.01,0.02,0.69,0.68,0,1,1,0,1110455.88
1464604007968776195,Becky686280251,1,2.98,0,0,0.0,5156,193,26.71,193,0,0,0,0.0,0.0,0.0,0.0,0.0,0.0,0.0,0.0,0,1,1,0,0.0
794801,Dutchcowboy,0,17.73,0,0,0.59,5100,6676,0.76,6676,47265,8869,1879,0.18,0.0,0.24,2665.82,0.0,0.52,0.07,2.35,0,1,1,0,2837.3
856558342466097157,akglcagri,1,7.57,0,0,0.0,373,27,13.81,27,3,284,1,0.0,0.0,0.0,0.4,0.0,0.0,0.0,0.0,0,1,0,0,0.0
1457945244700315650,Salin35224733,1,3.03,0,0,0.0,170,19,8.95,19,251,49,6,-0.88,0.0,0.88,82.81,0.0,2.0,0.0,1.0,0,1,0,0,19.0
753165526566899713,owensmith2016,0,8.35,0,0,0.0,416,8785,0.05,8785,2141,17,953,0.2,0.02,0.21,256.32,0.0,8.69,0.39,37.61,0,1,1,0,233.57
1400724735005233152,csfcsf5,1,3.46,0,0,0.0,2953,2396,1.23,2396,9083,9542,872,0.0,0.0,0.56,2624.39,0.19,0.39,0.33,7.61,0,1,0,0,314.94
342181234,AgnesCallamard,0,13.32,1,0,0.0,2746,87076,0.03,87076,18333,7955,506,-0.41,0.0,0.56,1376.14,0.0,8.73,0.66,61.18,0,1,1,0,1423.23
1118067018035449856,AKrisyani,1,5.6,0,0,0.0,19,3,6.33,3,1,0,1,0.0,0.0,0.0,0.18,0.0,0.0,0.0,0.0,0,1,1,0,0.0
1014795261598547968,Samir92716647,0,6.38,0,0,0.0,2,0,2.0,0,0,0,0,0.0,0.0,0.0,0.0,0.0,0.0,0.0,0.0,0,1,0,0,0.0
1041440667313078274,UTGoodSystems,1,6.18,0,0,0.75,415,1019,0.41,1019,1196,1726,354,0.42,0.0,0.41,193.62,0.0,0.14,0.75,4.64,0,1,1,0,219.58
1058105899607252992,TsungYiLinCV,0,6.05,0,0,0.0,337,2132,0.16,2132,99,755,10,0.79,0.0,0.39,16.36,0.01,3.04,0.22,85.67,0,1,0,1,24.89
1208175773091270656,Tracey92887673,1,4.92,0,0,0.0,367,41,8.95,41,10,855,0,0.0,0.0,0.0,2.03,0.0,0.0,0.0,0.0,0,1,0,0,0.0
469609215,MelissaHerman4,0,12.83,0,0,0.0,2057,3750,0.55,3750,7914,46862,582,0.86,0.0,0.77,616.74,0.0,0.48,0.0,18.81,0,1,1,0,199.31
1383617758508720130,tlcverge,1,3.59,0,0,0.69,2476,1051,2.36,1051,1053,73,360,0.27,0.0,0.0,293.15,0.0,0.01,1.03,0.12,0,1,1,0,8758.33
104083325,kamathmeenakshi,0,14.86,0,0,0.0,130,29,4.48,29,54,73,0,0.25,0.02,0.08,3.63,0.0,0.0,0.0,0.07,0,1,0,0,435.0
831279121,RushVelcsov,1,12.17,0,0,0.0,651,248,2.62,248,690,2435,34,0.68,0.0,0.16,56.7,0.0,0.21,0.07,0.68,0,1,1,0,364.48
1011559160540876800,GaitiHasan,1,6.4,0,0,0.0,127,1446,0.09,1446,1478,6592,57,0.22,0.0,0.28,230.9,0.0,0.64,0.69,14.74,0,1,0,0,98.13
83855918,Mo_Farah,0,15.08,1,0,0.71,473,1380667,0.0,1380667,3853,609,823,0.53,0.0,0.78,255.45,0.0,130.58,0.35,3488.27,0,1,1,0,395.8
340209989,nnamdiXY,0,13.33,0,0,-0.63,461,496,0.93,496,14119,5831,48,0.04,0.0,0.55,1059.11,0.0,0.31,0.0,0.39,0,1,1,0,1279.16
4347594973,patty75652629,1,8.99,0,0,0.0,1,0,1.0,0,0,0,0,0.0,0.0,0.0,0.0,0.0,0.0,0.0,0.0,0,1,0,0,0.0
2381064942,zainverjeemedia,0,10.7,0,0,0.0,1150,2490,0.46,2490,244,3,61,0.22,0.0,0.27,22.8,0.0,0.48,0.13,1.7,0,1,1,0,1466.71
1425659473838764034,_livryan__,1,3.27,0,0,0.0,8,2,4.0,2,7,0,1,-0.01,0.0,0.0,2.14,0.48,0.0,0.14,0.43,0,1,0,0,4.67
1143024633114845185,uhsnayvid,0,5.41,0,0,0.0,1187,535,2.22,535,1937,76411,63,0.41,0.0,0.6,358.04,0.0,0.63,0.07,6.05,1,1,1,0,88.45
115926128,LADYXEONA,0,14.75,0,0,-0.66,3399,2332,1.46,2332,3292,3959,1113,-0.08,0.0,0.45,223.25,0.0,0.14,0.38,0.29,0,1,1,0,8100.63
145169990,CallMeMa2mou,1,14.51,0,0,0.0,512,427,1.2,427,16098,12324,752,-0.0,0.0,0.55,1109.59,0.0,0.17,0.02,0.42,0,1,1,0,1009.27
148465548,rg9119,0,14.49,0,0,0.0,451,2007,0.22,2007,5361,11572,464,0.16,0.0,0.77,370.08,0.0,0.96,0.37,19.59,0,1,1,0,102.44
500133474,gibbulloch,1,12.74,0,0,0.0,2036,4698,0.43,4698,7504,3914,682,0.49,0.0,0.67,588.92,0.0,0.13,0.46,2.62,0,1,1,0,1796.29
148390293,ALkhALeeFA,0,14.49,1,0,-0.84,920,5716,0.16,5716,18056,32547,1434,-0.06,0.0,0.23,1246.44,0.0,0.36,0.0,1.93,0,1,1,0,2956.55
1387744160757686272,getShowHQ,1,3.56,0,0,0.55,956,480,1.99,480,1039,174,448,0.61,0.11,0.02,291.94,0.0,0.81,0.19,0.56,0,1,1,0,850.53
1252117386,DPB59,1,11.7,0,0,0.0,7371,6672,1.1,6672,116339,74207,539,0.0,0.0,0.0,9941.8,0.0,0.0,0.0,0.0,0,1,1,0,0.0
132830623,gubbilabs,0,14.6,0,0,0.67,4301,4901,0.88,4901,19615,17653,500,0.11,0.0,0.82,1343.4,0.0,0.14,0.95,4.9,0,1,1,0,999.23
1315387944505499649,rgmar5,1,4.11,0,0,0.0,449,0,449.0,0,0,3794,0,0.0,0.0,0.0,0.0,0.0,0.0,0.0,0.0,0,1,0,0,0.0
830925823322554368,DeepTech2_0,0,7.77,0,0,0.0,626,938,0.67,938,994,1265,149,0.0,0.0,0.97,127.98,0.0,0.0,0.33,0.67,0,1,1,0,1407.0
48008611,barniescoffee,1,15.43,0,0,0.68,1844,2574,0.72,2574,4883,1924,1857,0.87,0.0,0.0,316.56,0.0,0.06,0.78,1.35,0,1,1,0,1906.67
755857771,missyarobbins,0,12.27,0,0,0.0,510,1297,0.39,1297,165,64,14,0.71,0.02,0.64,13.45,0.0,0.59,0.17,1.63,0,1,0,0,793.69
1408590178759806978,CanadasFuture2,1,3.4,0,0,0.0,50,12,4.17,12,23,14,0,0.54,0.0,0.95,6.76,0.0,0.0,0.0,1.0,0,1,1,0,12.0
823669734,JessMONeill,0,12.18,0,0,0.0,983,1711,0.57,1711,1073,601,72,0.05,0.0,0.05,88.09,0.0,0.12,1.82,0.53,0,1,1,0,3250.9
822426735136350208,WirBristol,1,7.83,0,0,0.69,307,459,0.67,459,664,471,41,0.39,0.0,0.72,84.8,0.01,0.57,0.14,8.68,0,1,0,0,52.89
1210956763618394113,Doc_Salman29,1,4.89,0,0,0.0,208,92,2.26,92,281,339,10,0.09,0.0,0.8,57.41,0.0,0.13,0.0,4.57,0,1,1,0,20.15
2232848496,jonaslindeloev,0,10.95,0,0,0.58,339,3729,0.09,3729,2845,3524,244,0.21,0.04,0.29,259.72,0.0,1.37,0.16,13.14,0,1,1,0,283.81
1871389603,Yetimyetade,1,11.18,0,0,0.0,676,33,20.48,33,268,1474,0,0.0,0.0,0.0,23.98,0.0,0.0,0.0,0.0,0,1,0,0,0.0
1400945465634529288,xdbpa,0,3.46,0,0,0.0,1335,353,3.78,353,82,81,7,-0.25,0.0,0.44,23.69,0.0,0.32,0.1,1.39,0,1,1,0,254.49
247943231,dalgodoy,1,13.79,0,0,0.0,273,153,1.78,153,284,888,11,0.19,0.0,0.92,20.6,0.0,0.0,0.38,5.25,0,1,1,0,29.14
2414012077,MeVisionAcademy,0,10.65,0,0,0.0,16613,30655,0.54,30655,29733,12387,9149,0.62,0.0,0.74,2791.83,0.0,0.08,0.77,2.23,0,1,1,0,13741.9
1081252025915068417,NehaSha12172516,1,5.88,0,0,0.0,33,19,1.74,19,776,6602,48,0.33,0.0,0.55,132.09,0.0,0.04,0.02,0.17,0,1,1,0,114.0
985221540,maria_rescigno,0,11.96,0,0,0.0,36,526,0.07,526,219,39,3,0.23,0.0,0.61,18.3,0.01,0.74,1.05,14.28,0,1,1,0,36.83
72448544,victoriasaidhi,1,15.2,0,0,0.0,236,110,2.15,110,31,244,3,0.44,0.0,0.58,2.04,0.0,0.2,0.2,1.0,0,1,1,0,110.0
1145016098628259845,Megan61909994,1,5.39,0,0,0.0,86,20,4.3,20,23,9,1,0.22,0.0,0.55,4.26,0.0,0.0,0.4,0.4,0,1,0,0,50.0
1130810826636398592,erensleepy,0,5.5,0,0,0.0,1103,829,1.33,829,1439,552,1,0.0,0.0,0.0,261.64,0.0,0.0,0.0,0.0,0,1,0,0,0.0
1374429846915272718,MichaelBarlow__,1,3.66,0,0,0.0,10,0,10.0,0,4,4,0,0.0,0.0,0.0,1.09,0.0,0.0,0.0,0.0,0,1,0,0,0.0
28052098,LadyTate76,1,15.64,0,0,0.0,825,148,5.57,148,1150,7519,133,0.64,0.01,0.12,73.53,0.0,0.13,0.0,1.06,0,1,1,0,139.78
95329049,PerryCarpenter,0,14.95,1,0,0.0,3494,4435,0.79,4435,1886,3745,185,0.74,0.0,0.5,126.15,0.0,0.29,0.53,4.47,0,1,1,0,993.17
89405591,rick_viscomi,0,15.02,0,0,0.0,1391,6023,0.23,6023,5016,8702,808,0.43,0.17,0.53,333.89,0.0,1.42,0.77,25.81,0,1,1,1,233.34
1355298392,samir21s,1,11.6,0,0,0.0,566,32,17.69,32,77,387,0,0.04,0.0,0.77,6.64,0.0,0.0,0.81,0.44,0,1,1,0,73.14
859969123102539777,nircasm,0,7.55,0,0,0.0,1896,1600,1.19,1600,11360,122163,511,0.09,0.0,0.09,1505.03,0.0,0.48,0.0,4.31,0,1,1,0,371.43
936331435614593024,AmandaPapp4AI,1,6.97,0,0,0.0,356,257,1.39,257,865,5944,90,0.74,0.0,0.39,124.09,0.0,0.3,0.46,6.2,0,1,1,0,41.47
130709088,analokmaus,0,14.62,1,0,0.0,1041,3117,0.33,3117,8235,15914,924,0.01,0.0,0.31,563.27,0.0,0.14,0.03,13.0,0,1,1,0,239.77
1359333804196777985,ken1ha,1,3.77,0,0,0.0,264,19,13.89,19,1000,39,42,-0.01,0.0,0.17,264.9,0.0,0.27,0.87,0.12,0,1,1,0,159.6
1069621025493737473,jaesungtae,0,5.96,0,0,0.0,238,134,1.78,134,23,193,1,0.0,0.0,0.0,3.86,0.0,0.0,0.0,0.0,0,1,1,0,0.0
216563156,iluvbrains13,1,14.01,0,0,0.0,57,12,4.75,12,3,22,0,0.0,0.0,0.0,0.21,0.0,0.0,0.0,1.0,0,1,0,0,12.0
984232946596016128,_MohammadSajjad,0,6.61,0,0,0.0,6395,2643,2.42,2643,28,70,6,0.04,0.0,0.0,4.24,0.0,0.78,0.0,10.83,0,1,1,0,243.97
902120672,salah50_noha,1,12.07,0,0,0.0,427,3,142.33,3,9,6,1,0.0,0.0,0.0,0.75,0.0,0.0,0.0,0.2,0,1,1,0,15.0
3033869396,DriftHarder,0,9.75,0,0,0.95,465,410,1.13,410,50852,74030,3545,0.0,0.0,0.0,5217.19,0.0,0.0,0.0,0.0,0,1,1,0,0.0
1319516983231090689,NeuraSapiens,1,4.08,0,0,0.79,4710,6734,0.7,6734,717,789,608,0.93,0.0,0.0,175.86,0.0,0.13,0.01,2.4,0,1,0,0,2805.83
1079534090607570944,PrinceFeb1,0,5.89,0,0,0.0,54,29,1.86,29,28,14,4,0.39,0.0,0.62,4.75,0.0,0.2,0.0,0.4,0,1,1,0,72.5
1349462947559567361,mw53864833,1,3.85,0,0,0.0,186,68,2.74,68,2,36,0,0.0,0.0,0.0,0.52,0.0,0.0,0.0,0.0,0,1,0,0,0.0
914863145906262017,rachyqzhang,1,7.13,0,0,0.0,213,287,0.74,287,7,158,0,0.92,0.0,0.86,0.98,0.0,0.0,1.0,0.0,0,1,0,0,0.0
1484076794114359296,Leland94164752,0,2.83,0,0,0.0,92,59,1.56,59,3,15,0,0.0,0.0,0.0,1.06,0.0,0.0,0.0,0.0,1,1,0,0,0.0
1182702701920112644,cl4real_,1,5.11,0,0,0.0,2577,627,4.11,627,137,4134,86,0.24,0.0,0.04,26.82,0.0,0.12,0.0,1.11,0,1,1,0,567.29
99665921,Hans2412,0,14.9,1,0,0.0,26310,180370,0.15,180370,84995,51173,8955,0.03,0.0,0.8,5704.75,0.0,54.04,0.04,600.33,0,1,0,0,300.45
412748397,StevenZed,1,13.02,0,0,0.0,2051,522,3.93,522,536,80,188,0.14,0.0,0.13,41.18,0.0,0.08,0.63,0.37,0,1,1,0,1428.63
1094043126279401472,ElyasFrzn,0,5.78,0,0,0.0,3039,3258,0.93,3258,1633,3655,26,-0.01,0.0,0.01,282.53,0.0,0.12,0.01,7.22,1,1,1,0,451.11
37148105,bosslady050,1,15.55,0,0,0.0,446,69,6.46,69,739,3811,6,0.42,0.0,0.56,47.51,0.0,0.0,0.95,0.05,0,1,0,1,1518.0
129842597,ManuelHuedo,0,14.63,0,0,0.0,1052,224758,0.0,224758,24375,24177,2128,0.01,0.0,0.0,1666.55,0.0,4.35,0.04,114.48,0,1,1,0,1963.37
63815425,cabocabinho,1,15.29,0,0,0.0,140,59,2.37,59,2026,250,132,-0.01,0.0,0.57,132.55,0.0,0.36,0.24,0.28,0,1,1,0,210.71
624483823,oyinsadiq,0,12.39,0,0,0.72,297,753,0.39,753,6021,675,58,-0.32,0.0,0.9,486.11,0.02,0.08,0.0,0.08,0,1,0,0,9036.0
25074746,GillsaInt,0,15.67,1,0,0.67,5316,167154,0.03,167154,93873,25866,3560,0.1,0.0,0.92,5989.09,0.0,43.7,1.7,558.0,0,1,1,0,299.56
1308443434269708288,techunion1010,1,4.16,0,0,0.79,226,1518,0.15,1518,546,496,67,0.69,0.0,0.74,131.28,0.0,0.1,0.31,7.83,0,1,1,0,193.93
4767381941,BrainMeOut_OHBM,1,8.86,0,0,0.0,87,140,0.62,140,110,19,49,0.47,0.01,0.0,12.42,0.0,0.09,0.32,0.94,0,1,1,0,149.55
1299773222800576513,Mamadata5,0,4.22,0,0,0.0,220,57,3.86,57,278,74,5,0.02,0.03,0.69,65.8,0.0,0.31,0.69,0.17,0,1,0,0,332.5
47128513,IBBabalola,0,15.43,0,0,0.0,965,3806,0.25,3806,21596,10629,348,0.49,0.0,0.4,1399.34,0.0,1.16,0.03,7.0,0,1,1,0,543.71
739133515170729984,RealPeerReview,1,8.46,0,0,0.0,96,51506,0.0,51506,10436,5671,5929,-0.35,0.0,0.31,1233.57,0.0,2.16,0.45,29.01,0,1,1,0,1775.23
989521438825746433,Baric_Lab,0,6.57,0,0,0.0,82,92764,0.0,92764,223,179,27,0.6,0.0,0.41,33.95,0.0,7.34,0.55,50.23,0,1,1,0,1846.62
747497269302198272,Mohamme13362264,1,8.4,0,0,0.0,397,76,5.22,76,531,953,3,0.46,0.0,0.81,63.24,0.01,0.04,0.61,0.22,0,1,0,0,349.6
916241183399075840,Naveen_00002,1,7.12,0,0,0.0,204,22,9.27,22,3,100,0,0.0,0.0,0.0,0.42,0.0,0.0,0.0,0.0,0,1,1,0,0.0
1484142330273832968,wArtMarket,0,2.83,0,0,0.0,63,17,3.71,17,11,5,6,0.0,0.0,0.0,3.89,0.0,0.14,1.0,0.29,0,1,1,0,59.5
1483648318546845700,mariong37499200,1,2.84,0,0,0.0,16,2,8.0,2,0,0,0,0.0,0.0,0.0,0.0,0.0,0.0,0.0,0.0,0,1,0,0,0.0
2595621066,worldwideartmov,0,10.39,0,0,0.0,499,63,7.92,63,600,122,580,0.0,0.0,0.0,57.73,0.0,0.0,0.87,0.01,0,1,1,0,7497.0
747469350714519552,Binary_Search,1,8.4,0,0,0.54,4290,642,6.68,642,1336,485,114,0.29,0.0,0.04,159.1,0.0,0.06,0.87,0.21,0,1,1,0,3022.75
116219009,Gary_Epp,0,14.74,0,0,0.7,657,290,2.27,290,1643,1438,13,0.16,0.0,0.27,111.44,0.0,0.06,0.36,0.27,0,1,0,0,1059.13
1060953957248290821,CovariantAI,1,6.03,1,0,0.0,162,11428,0.01,11428,684,967,317,0.47,0.0,0.3,113.45,0.0,1.23,0.33,41.21,0,1,1,0,277.29
1463354832,pathak2206,0,11.48,1,0,0.0,345,19457,0.02,19457,587,1320,155,0.63,0.02,0.57,51.12,0.0,6.4,0.47,231.47,0,1,0,0,84.06
1467542108886163463,p_doyle62,1,2.96,0,0,0.0,39,5,7.8,5,0,0,0,0.0,0.0,0.0,0.0,0.0,0.0,0.0,0.0,0,1,0,0,0.0
1208011613057540097,SocPhilTech,0,4.92,0,0,0.0,339,1014,0.33,1014,294,201,0,0.3,0.0,0.97,59.79,0.0,0.0,0.67,6.33,0,1,1,0,160.11
1466495391420063750,tlgksy_,1,2.96,0,0,0.0,121,3,40.33,3,12,240,0,0.0,0.0,0.0,4.05,0.0,0.0,0.0,0.0,0,1,0,0,0.0
417053258,MarkCheetham,0,13.0,0,0,0.0,4204,7473,0.56,7473,38137,8861,748,0.0,0.0,0.0,2933.84,0.0,0.0,0.0,0.0,0,1,1,0,0.0
1152038661585698817,saleproxy,1,5.34,0,0,0.92,2885,1379,2.09,1379,1916,4,1915,0.0,0.0,0.0,358.67,0.0,0.01,1.0,1.15,0,1,1,0,1199.13
20719941,baruah,1,15.77,0,0,0.0,411,45,9.13,45,1,3,0,0.0,0.0,0.0,0.06,0.0,0.0,0.0,0.0,0,1,0,0,0.0
1170073674,WBIRDavidHunt,0,11.77,0,0,0.0,562,635,0.89,635,1246,628,193,0.22,0.0,0.27,105.86,0.0,0.11,0.77,2.52,0,1,0,0,251.93
1484205354900914178,Orochi4506,0,2.83,0,0,0.0,3,3,1.0,3,0,0,0,0.0,0.0,0.0,0.0,0.0,0.0,0.0,0.0,0,1,0,0,0.0
2419897308,AriaShavelson,1,10.64,0,0,0.0,0,43,0.0,43,139,152,0,0.55,0.0,0.19,13.06,0.0,1.38,0.62,1.38,0,1,1,0,31.06
254719698,GavinPrestonMD,0,13.75,1,0,0.0,96432,87669,1.1,87669,76746,25130,10,-0.1,0.0,0.76,5581.93,0.0,1.24,0.0,19.21,0,1,1,0,4564.45
1280598815280676866,Akanbisamson6,1,4.37,0,0,0.0,880,90,9.78,90,12,265,1,0.23,0.0,0.5,2.75,0.0,0.0,0.0,0.8,0,1,0,0,112.5
48065736,CHBeckRecht,0,15.43,1,0,0.0,328,7737,0.04,7737,21472,493,1077,-0.01,0.0,0.0,1392.03,0.0,0.03,1.0,0.26,0,1,1,0,29450.52
2603132052,apmoore94,1,10.38,0,0,0.0,435,183,2.38,183,204,140,10,0.52,0.0,0.86,19.65,0.01,0.62,0.94,6.31,0,1,1,0,28.99
18173452,mbruchas,0,15.93,0,0,0.0,1175,3303,0.36,3303,9407,16411,240,0.71,0.0,0.9,590.67,0.0,1.25,0.17,24.5,0,1,1,0,134.82
1073730367327215618,YourBoiGray,0,5.93,0,0,0.0,246,29,8.48,29,140,2003,2,0.45,0.0,0.74,23.6,0.0,0.04,0.0,0.12,0,1,1,0,241.67
588930747,vanealfarocr,1,12.49,0,0,0.0,103,60,1.72,60,537,28,4,0.08,0.0,0.44,42.98,0.0,0.11,0.14,0.05,0,1,1,0,1320.0
89213111,misstrendchaser,0,15.02,0,0,0.0,1185,799,1.48,799,4935,3291,196,0.48,0.0,0.31,328.5,0.0,0.0,0.94,0.15,0,1,1,0,5459.83
1038400095861932033,AyushDeva,1,6.2,0,0,0.0,239,103,2.32,103,96,370,2,0.38,0.04,0.36,15.48,0.0,0.89,0.07,4.3,0,1,0,0,23.97
75916180,Imaginedragons,0,15.16,1,0,0.0,15007,5462938,0.0,5462938,9087,793,2217,0.27,0.02,0.11,599.21,0.0,53.54,0.29,2392.17,0,1,1,0,2283.67
479583379,PremoliAndrea,1,12.8,0,0,0.0,152,107,1.42,107,305,6539,32,0.23,0.0,0.31,23.82,0.0,0.1,0.2,1.25,0,1,1,0,85.81
2344530218,MikeQuindazzi,0,10.76,1,0,0.0,2050,147950,0.01,147950,54760,126074,33359,0.27,0.0,0.45,5088.27,0.0,2.06,0.33,32.33,0,1,1,0,4575.77
1477359217057087497,EnchantedQuanta,1,2.88,0,0,0.88,1,2,0.5,2,37,175,23,0.44,0.0,0.0,12.83,0.0,0.0,0.12,0.15,0,1,1,0,13.2
1467949771260248068,EdwardsLab_UCSF,0,2.95,0,0,0.0,99,179,0.55,179,28,17,0,0.15,0.0,0.83,9.48,0.17,1.5,0.0,39.5,0,1,1,1,4.53
2778393834,GDG_Sousse,1,10.23,0,0,0.0,39,62,0.63,62,1,0,0,0.66,0.0,0.0,0.1,0.0,0.0,1.0,2.0,0,1,1,0,31.0
3171150979,aashi7jain,0,9.57,0,0,0.88,139,218,0.64,218,33,320,2,0.24,0.0,0.82,3.45,0.0,0.5,0.5,48.5,0,1,1,0,4.49
48972321,jennifer7643,1,15.42,0,0,0.0,1555,112,13.88,112,16,46,0,0.0,0.0,0.0,1.04,0.0,0.0,0.0,0.0,0,1,0,0,0.0
781283714550665216,Vikkibambam,0,8.14,0,0,0.0,518,588,0.88,588,4014,22978,8,0.0,0.0,0.0,493.0,0.0,0.0,0.0,0.0,0,1,0,0,0.0
1192820005638987777,EngIbrahimMuse,1,5.03,0,0,0.0,4196,870,4.82,870,681,1577,86,0.04,0.0,0.29,135.33,0.0,0.45,0.11,1.89,0,1,1,0,461.2
1303822276832432128,Eazyozy1,0,4.19,0,0,0.0,1158,851,1.36,851,67864,60510,2835,0.0,0.0,0.0,16181.21,0.0,0.0,0.0,0.0,0,1,1,0,0.0
1290629115091906562,8btdq,1,4.3,0,0,0.0,2417,0,2417.0,0,9,8,6,0.17,0.0,0.33,2.1,0.0,0.0,0.0,0.0,1,1,0,0,0.0
1267497270175584258,3rd_woody,0,4.47,0,0,0.0,2297,500,4.59,500,1570,468,24,0.04,0.0,0.86,351.39,0.0,0.19,0.0,6.0,0,1,1,0,83.33
4549119314,KyleAJohnsen,1,8.94,0,0,0.0,999,207,4.83,207,173,1183,13,0.26,0.09,0.55,19.36,0.0,0.35,0.56,2.65,0,1,1,0,78.2
961962042805620737,Mergen3D,0,6.78,0,0,0.0,55,15,3.67,15,50,12,36,0.01,0.0,0.0,7.38,0.0,0.0,0.42,0.18,0,1,0,0,83.33
1187138306812760064,lasyasreepada,1,5.08,0,0,0.0,222,70,3.17,70,216,706,1,0.0,0.0,0.0,42.55,0.0,0.0,0.0,0.0,0,1,1,0,0.0
3146085608,Kelvinnjau5,0,9.62,0,0,0.0,230,220,1.05,220,148,42,9,0.16,0.0,0.58,15.39,0.0,0.0,0.13,0.21,0,1,1,0,1045.0
109647254,RoboWeek,1,14.81,0,0,0.98,284,7339,0.04,7339,1531,1310,211,0.72,0.0,0.45,103.4,0.0,0.28,0.47,7.03,0,1,1,0,1043.77
1315296246,dhilalalhaboob,0,11.64,0,0,0.0,319,146,2.18,146,372,887,13,0.05,0.0,0.9,31.95,0.0,0.42,0.25,2.17,0,1,1,0,67.38
3246247247,Cookster1042Ann,1,9.53,0,0,0.0,327,260,1.26,260,1981,7691,20,0.23,0.01,0.06,207.87,0.0,0.2,0.07,0.59,0,1,1,0,440.32
4307032575,Diauros,1,8.98,0,0,0.0,239,47,5.09,47,4470,6202,231,0.0,0.0,0.0,497.77,0.0,0.0,0.0,0.0,0,1,0,0,0.0
1920750644,ciaraquill,0,11.14,0,0,0.0,5178,2661,1.95,2661,55352,97301,11827,0.19,0.0,0.44,4969.65,0.0,0.41,0.34,8.08,0,1,1,0,329.25
94538862,Msanyal,0,14.96,0,0,0.0,1708,8341,0.2,8341,47631,62498,394,0.0,0.0,0.0,3183.46,0.0,0.0,0.0,0.0,0,1,1,0,0.0
787645047542087680,Priyotamo,1,8.1,0,0,0.0,137,20,6.85,20,42,113,4,0.34,0.0,0.11,5.19,0.0,0.06,0.12,0.71,0,1,1,0,28.33
22330739,Benioff,0,15.72,1,0,0.0,4294,1108405,0.0,1108405,38114,24708,4534,0.66,0.0,0.65,2424.09,0.0,37.16,0.54,753.62,0,1,1,0,1470.77
978576562327994369,cris_xtyy,1,6.65,0,0,0.0,90,0,90.0,0,0,21,0,0.0,0.0,0.0,0.0,0.0,0.0,0.0,0.0,0,1,0,0,0.0
35024372,asahoch,0,15.57,0,0,0.86,1290,449,2.87,449,1188,52,24,0.23,0.01,0.16,76.29,0.0,0.03,0.77,0.53,0,1,1,0,853.98
3343873882,isabelmanzano23,1,9.41,0,0,0.0,328,24,13.67,24,38,88,2,0.0,0.0,0.71,4.04,0.0,0.5,0.75,0.0,0,1,1,0,0.0
110441210,MBLScience,0,14.8,0,0,0.0,14811,27239,0.54,27239,16255,14137,2996,0.39,0.0,0.53,1098.46,0.02,0.57,0.6,32.02,0,1,1,0,850.72
310930971,KingRonnieMac,1,13.46,0,0,0.73,1392,519,2.68,519,3208,8170,61,0.0,0.0,0.0,238.3,0.0,0.0,0.0,0.0,0,1,1,0,0.0
823785366846980096,eshwarAA7,1,7.82,0,0,0.0,235,30,7.83,30,0,10767,0,0.0,0.0,0.0,0.0,0.0,0.0,0.0,0.0,0,1,1,0,0.0
21207086,amcny,0,15.75,1,0,0.74,1304,11715,0.11,11715,12259,2145,3406,0.57,0.0,0.03,778.3,0.0,0.12,0.61,2.71,0,1,1,0,4322.04
969911597580759040,rbkn369,0,6.72,0,0,0.0,1081,83,13.02,83,143,721,44,0.02,0.0,0.02,21.28,0.0,0.01,0.66,0.48,0,1,1,0,174.14
1349596903357493249,EmpathLover1111,1,3.85,0,0,0.83,4849,563,8.61,563,2555,1943,1,0.0,0.0,0.0,663.81,0.0,0.0,0.0,0.0,0,1,0,0,0.0
2984496274,fountia,1,9.84,0,0,0.0,5293,4202,1.26,4202,1032,22,441,-0.09,0.0,0.01,104.91,0.0,0.01,1.0,0.7,0,1,0,0,6028.96
311956171,challengersoc,0,13.46,0,0,0.67,1749,5043,0.35,5043,3963,1019,380,0.52,0.0,0.77,294.45,0.0,0.36,0.64,5.36,0,1,0,0,940.86
2924521080,davidfrawleyved,0,9.95,1,0,0.0,513,648256,0.0,648256,44654,6393,513,0.63,0.0,0.97,4489.19,0.0,20.33,0.0,2374.67,0,1,1,1,272.99
1477360939099987973,shallysaini442,1,2.88,0,0,0.0,42,1,42.0,1,0,0,0,0.0,0.0,0.0,0.0,0.0,0.0,0.0,0.0,0,1,0,0,0.0
267290560,dbustosp,0,13.68,0,0,0.0,803,694,1.16,694,8847,2011,271,0.16,0.0,0.6,646.66,0.0,0.32,0.0,16.45,0,1,1,0,42.2
1139543435369680898,LeonardBerrada,1,5.43,0,0,0.0,314,182,1.73,182,22,144,1,0.39,0.14,0.5,4.05,0.29,0.86,0.14,6.71,0,1,0,1,27.11
1443626457968873472,shakessqueer,0,3.14,0,0,0.0,219,180,1.22,180,66,18,4,0.0,0.0,0.56,21.03,0.0,0.11,0.0,0.68,0,1,1,0,263.08
1433819742469607426,malovaam,1,3.21,0,0,0.0,120,9,13.33,9,11,386,0,0.0,0.0,0.0,3.43,0.0,0.0,0.0,0.0,0,1,0,0,0.0
1483594524278640649,polwar0,1,2.84,0,0,0.0,229,58,3.95,58,0,3,0,0.0,0.0,0.0,0.0,0.0,0.0,0.0,0.0,0,1,0,0,0.0
289969718,LindseyStirling,0,13.56,1,0,0.0,2587,464405,0.01,464405,15778,8895,3781,0.55,0.0,0.03,1163.31,0.0,16.11,0.43,371.7,0,1,1,0,1249.4
1414296172152360962,sajjadmotori,0,3.36,0,0,0.9,1340,1057,1.27,1057,5251,9113,1735,-0.01,0.0,0.43,1563.26,0.0,2.2,0.0,20.72,0,1,1,0,51.01
879456634413740032,Go_IoT,1,7.4,0,0,0.73,3246,2741,1.18,2741,5438,4450,2478,0.36,0.0,0.08,734.86,0.01,0.03,0.81,0.39,0,1,1,0,6948.12
1480171272877268994,felixmkr,0,2.86,0,0,0.0,46,15,3.07,15,61,1658,1,0.0,0.0,0.65,21.3,0.0,0.12,0.12,0.88,0,1,1,0,17.14
1483086683486703624,HenryWasung,1,2.84,0,0,0.0,161,48,3.35,48,0,24,0,0.0,0.0,0.0,0.0,0.0,0.0,0.0,0.0,0,1,0,0,0.0
1470949724807217162,OaklerV,0,2.93,0,0,0.0,106,20,5.3,20,15,19,2,0.66,0.0,0.77,5.12,0.0,0.0,0.67,0.0,0,1,1,0,0.0
910150107009601538,HyperTower_eu,1,7.17,0,0,0.0,45,28,1.61,28,43,7,29,0.39,0.03,0.1,6.0,0.0,0.08,0.06,1.14,0,1,1,0,24.59
234376125,LandingPageProd,0,13.88,0,0,0.0,507,249,2.04,249,110,1,1,0.14,0.0,0.01,7.93,0.0,0.03,0.48,0.07,0,1,0,0,3521.57
1183484979562635265,das_aniir,1,5.1,0,0,0.0,52,55,0.95,55,122,100,19,0.25,0.0,0.15,23.91,0.0,0.18,0.19,0.52,1,1,1,0,105.29
1150118898068381696,YouthofGsb,0,5.36,0,0,0.5,240,1948,0.12,1948,1974,728,1576,0.22,0.0,0.04,368.63,0.0,0.33,1.24,4.11,0,1,1,0,473.44
1351625174190350336,FabianToSpace,1,3.83,0,0,0.0,50,1,50.0,1,8,1,0,0.0,0.0,0.0,2.09,0.0,0.0,0.0,0.0,0,1,0,0,0.0
1405158247,sickinternet,0,11.55,0,0,0.0,3821,4658,0.82,4658,69232,76544,5417,0.0,0.0,0.0,5996.19,0.0,0.0,0.0,0.0,0,1,1,0,0.0
1482467557470883840,AlexDowson10,1,2.85,0,0,0.0,87,48,1.81,48,0,17,0,0.0,0.0,0.0,0.0,0.0,0.0,0.0,0.0,0,1,0,0,0.0
2780850314,RachelleDeCoste,0,10.22,0,0,-0.83,1083,683,1.59,683,1905,15532,92,0.0,0.0,0.0,186.34,0.0,0.0,0.0,0.0,0,1,1,0,0.0
476582730,shakir_za,0,12.81,0,0,0.0,1296,44745,0.03,44745,4749,11675,442,0.91,0.0,0.87,370.64,0.01,0.53,0.4,55.4,0,1,1,0,807.67
1270246155985629184,IVikhyaat,1,4.45,0,0,0.0,26,27,0.96,27,139,126,10,-0.04,0.0,0.19,31.24,0.0,0.63,0.07,3.56,0,1,1,0,7.58
1405730549323292672,inwedu,0,3.42,0,0,0.0,153,24,6.38,24,9,593,0,0.0,0.0,0.0,2.63,0.0,0.0,0.0,0.0,0,1,0,0,0.0
1173593530142359557,RashmiMascaren1,1,5.18,0,0,0.0,415,83,5.0,83,567,24416,8,0.22,0.0,0.48,109.46,0.0,0.45,0.02,6.85,0,1,0,0,12.12
1483170517813239809,KalimundaIchy,1,2.84,0,0,0.0,176,32,5.5,32,4,1,1,0.0,0.0,0.0,1.41,0.0,0.0,0.0,0.0,0,1,1,0,0.0
631138864,ShadyRahayel,0,12.37,0,0,0.0,809,259,3.12,259,125,255,24,0.16,0.04,0.73,10.11,0.0,0.25,0.93,11.14,0,1,1,1,23.24
1385823922084528129,roshangaaar,1,3.58,0,0,0.0,803,180,4.46,180,13,8,6,0.0,0.0,0.0,3.64,0.0,0.0,0.0,0.0,1,1,1,0,0.0
102831419,HamletReyHorst,0,14.87,0,0,0.0,272,241,1.13,241,1169,2417,87,0.2,0.02,0.55,78.63,0.0,0.09,0.21,0.36,0,1,1,0,672.26
195920016,audurand,0,14.15,0,0,0.76,432,1316,0.33,1316,198,1157,10,0.66,0.0,0.61,14.0,0.0,1.43,0.28,27.17,0,1,0,0,48.43
3040728619,cantyp2davis,1,9.74,0,0,0.0,38,1,38.0,1,0,0,0,0.0,0.0,0.0,0.0,0.0,0.0,0.0,0.0,0,1,0,0,0.0
265663532,alex110314,0,13.69,0,0,0.0,1097,49,22.39,49,4,113,0,0.27,0.0,0.0,0.29,0.33,0.25,1.0,1.5,0,1,0,0,32.67
246636372,cloud9hosting,1,13.8,0,0,0.0,19,55,0.35,55,280,3,198,0.57,0.0,0.0,20.3,0.0,0.01,0.7,0.72,0,1,1,0,76.39
233266490,officialDannyT,0,13.88,1,0,0.97,1398,616211,0.0,616211,15604,17313,3949,0.48,0.0,0.48,1124.13,0.0,177.02,0.2,5084.77,0,1,1,0,121.19
1095337477391478784,GyleeGames,1,5.77,0,0,0.72,1876,1981,0.95,1981,1178,3511,569,0.68,0.0,0.21,204.12,0.0,0.54,0.15,6.87,0,1,1,0,288.33
1448106010346991624,yzihan_hci,1,3.1,0,0,0.0,1080,1037,1.04,1037,90,1126,12,0.85,0.13,0.32,28.99,0.01,1.4,0.13,21.27,0,1,1,0,48.76
1537028058,official_php,0,11.41,0,0,0.0,41,111162,0.0,111162,756,124,77,0.3,0.01,0.15,66.23,0.0,9.31,1.15,427.41,0,1,1,0,260.08
3367334171,BTCTN,0,9.37,1,0,0.0,953,3027519,0.0,3027519,53358,9996,15973,0.07,0.0,0.03,5695.16,0.0,26.12,0.9,73.96,0,1,1,0,40935.23
